predictions-hazard-category,predictions-product-category,predictions-hazard,predictions-product
biological,"meat, egg and dairy products",listeria spp,ready to eat - cook meals
biological,"meat, egg and dairy products",escherichia coli,other not classified meat products
biological,"meat, egg and dairy products",listeria spp,thermal processed pork meat
biological,"meat, egg and dairy products",listeria monocytogenes,beef
foreign bodies,ices and desserts,metal fragment,ice cream
biological,non-alcoholic beverages,salmonella,apple juice
biological,"meat, egg and dairy products",listeria monocytogenes,feta cheese
biological,"meat, egg and dairy products",listeria monocytogenes,beef
foreign bodies,"soups, broths, sauces and condiments",glass fragment,pasta
biological,seafood,other,Fishes not identified
biological,"meat, egg and dairy products",escherichia coli,ground beef
biological,seafood,inspection issues,ready to eat - cook meals
allergens,ices and desserts,milk and products thereof,ice cream
biological,ices and desserts,listeria monocytogenes,other dairy products
chemical,fats and oils,polycyclic aromatic hydrocarbons,olive oil
foreign bodies,cereals and bakery products,metal fragment,muffins
allergens,prepared dishes and snacks,soybeans and products thereof,ravioli
chemical,alcoholic beverages,other not classified chemical hazards,beer
chemical,seafood,other not classified chemical hazards,crabs
biological,cereals and bakery products,microbiological contamination,bread
foreign bodies,"soups, broths, sauces and condiments",glass fragment,sauce
allergens,"soups, broths, sauces and condiments",cereals containing gluten and products thereof,soup
biological,"meat, egg and dairy products",escherichia coli,feta cheese
foreign bodies,"soups, broths, sauces and condiments",metal fragment,soup
allergens,"soups, broths, sauces and condiments",milk and products thereof,chicken noodle soup
allergens,"soups, broths, sauces and condiments",other,pasta
fraud,cereals and bakery products,eggs and products thereof,cakes
other hazard,"meat, egg and dairy products",other,salami
allergens,"cocoa and cocoa preparations, coffee and tea",labelling/misdescription,chocolate
foreign bodies,alcoholic beverages,glass fragment,wine
organoleptic aspects,ices and desserts,spoilage,jam
fraud,prepared dishes and snacks,eggs and products thereof,ravioli
allergens,ices and desserts,milk and products thereof,ice cream
foreign bodies,"meat, egg and dairy products",metal fragment,chicken breast
biological,"meat, egg and dairy products",escherichia coli,cheese
foreign bodies,"dietetic foods, food supplements, fortified foods",plastic fragment,baby food
allergens,confectionery,peanuts and products thereof,milk chocolates
fraud,cereals and bakery products,sulphur dioxide,cereal bars
allergens,cereals and bakery products,labelling/misdescription,muffins
allergens,herbs and spices,cereals containing gluten and products thereof,curry
fraud,cereals and bakery products,sesame seeds and products thereof,bread
biological,"meat, egg and dairy products",listeria monocytogenes,cheese
allergens,cereals and bakery products,sesame seeds and products thereof,rice crackers
fraud,"meat, egg and dairy products",labelling/misdescription,turkey and turkey preparations
allergens,herbs and spices,soybeans and products thereof,garlic powder
foreign bodies,seafood,metal fragment,prawns
allergens,"meat, egg and dairy products",molluscs and products thereof,ready to eat - cook meals
allergens,ices and desserts,cereals containing gluten and products thereof,ice cream
biological,fruits and vegetables,escherichia coli,sprouts
chemical,"meat, egg and dairy products",other,lamb
foreign bodies,prepared dishes and snacks,metal fragment,precooked cooked beef meat products
biological,"meat, egg and dairy products",listeria monocytogenes,beef
biological,cereals and bakery products,salmonella,muesli
biological,non-alcoholic beverages,bacillus spp.,bottled water
biological,"meat, egg and dairy products",listeria monocytogenes,cheddar cheese
other hazard,cereals and bakery products,other,rice
biological,non-alcoholic beverages,escherichia coli,bottled water
biological,"meat, egg and dairy products",escherichia coli,beef
fraud,alcoholic beverages,sulphur dioxide,wine
other hazard,"meat, egg and dairy products",other not classified,yoghurt
biological,"meat, egg and dairy products",listeria monocytogenes,beef
biological,"meat, egg and dairy products",listeria monocytogenes,feta cheese
foreign bodies,prepared dishes and snacks,unauthorised placing on the market,potato chips
biological,"nuts, nut products and seeds",salmonella,peanuts
allergens,"soups, broths, sauces and condiments",cereals containing gluten and products thereof,sauce
biological,ices and desserts,salmonella,ice cream
biological,ices and desserts,salmonella,ice cream
biological,ices and desserts,salmonella,ice cream
biological,ices and desserts,salmonella,ice cream
biological,ices and desserts,salmonella,ice cream
biological,ices and desserts,salmonella,ice cream
biological,ices and desserts,salmonella,ice cream
biological,"meat, egg and dairy products",listeria monocytogenes,sausage
biological,ices and desserts,salmonella,ice cream
biological,ices and desserts,salmonella,ice cream
fraud,cereals and bakery products,eggs and products thereof,cakes
biological,cereals and bakery products,salmonella,candies
allergens,prepared dishes and snacks,milk and products thereof,cheddar cheese
biological,"meat, egg and dairy products",salmonella,milk
allergens,ices and desserts,almond,ice cream
foreign bodies,ices and desserts,plastic fragment,ice cream
chemical,fruits and vegetables,high content of cyanide,apricot kernels
biological,ices and desserts,listeria monocytogenes,custard
biological,"meat, egg and dairy products",escherichia coli,cheese
fraud,"soups, broths, sauces and condiments",labelling/misdescription,sesame
fraud,confectionery,labelling/misdescription,ice cream
biological,prepared dishes and snacks,salmonella,potato chips
biological,herbs and spices,salmonella,sesame seeds
biological,fruits and vegetables,listeria monocytogenes,salads
biological,"meat, egg and dairy products",salmonella,ready to eat - cook meals
biological,"soups, broths, sauces and condiments",other,soup
biological,non-alcoholic beverages,escherichia coli,bottled water
biological,ices and desserts,salmonella,ice cream
foreign bodies,"meat, egg and dairy products",plastic fragment,yoghurt
fraud,cereals and bakery products,other,bakery products
allergens,cereals and bakery products,peanuts and products thereof,cookies
allergens,prepared dishes and snacks,milk and products thereof,snacks (various)
biological,seafood,listeria monocytogenes,salmon
allergens,prepared dishes and snacks,peanuts and products thereof,spring rolls
biological,"nuts, nut products and seeds",salmonella,almonds
chemical,fats and oils,other not classified chemical hazards,palm oil
allergens,"meat, egg and dairy products",milk and products thereof,sausage
biological,ices and desserts,microbiological contamination,ice cream
biological,fruits and vegetables,salmonella,sprouts
foreign bodies,alcoholic beverages,glass fragment,beer
fraud,herbs and spices,other,milk powder
biological,cereals and bakery products,bacillus spp.,cookies
chemical,fruits and vegetables,chemical compound (high content),algae
chemical,fruits and vegetables,high content of cyanide,tapioca chips
biological,"meat, egg and dairy products",listeria monocytogenes,precooked cooked beef meat products
biological,prepared dishes and snacks,salmonella,sandwiches
allergens,ices and desserts,peanuts and products thereof,ice cream
allergens,seafood,eggs and products thereof,squid
biological,"meat, egg and dairy products",listeria monocytogenes,cheese
allergens,"meat, egg and dairy products",milk and products thereof,precooked cooked beef meat products
biological,"meat, egg and dairy products",listeria monocytogenes,chicken based products
fraud,"soups, broths, sauces and condiments",inspection issues,chilli powder
allergens,prepared dishes and snacks,eggs and products thereof,wraps
allergens,"meat, egg and dairy products",milk and products thereof,sausage products
allergens,cereals and bakery products,peanuts and products thereof,biscuits
allergens,"meat, egg and dairy products",eggs and products thereof,sausage products
biological,non-alcoholic beverages,microbiological contamination,fruit juice
allergens,"cocoa and cocoa preparations, coffee and tea",milk and products thereof,chocolate
allergens,"meat, egg and dairy products",soybeans and products thereof,other not classified meat products
biological,"meat, egg and dairy products",listeria monocytogenes,pork sausage
biological,fruits and vegetables,escherichia coli,salads
biological,"meat, egg and dairy products",listeria monocytogenes,milk
biological,"meat, egg and dairy products",escherichia coli,feta cheese
biological,"meat, egg and dairy products",escherichia coli,other dairy products
foreign bodies,prepared dishes and snacks,metal fragment,wraps
biological,"nuts, nut products and seeds",salmonella,almonds
fraud,"meat, egg and dairy products",incorrect labeling,thermal processed beef meat
biological,fruits and vegetables,salmonella,mango
biological,prepared dishes and snacks,bacillus spp.,bean sauce
biological,"nuts, nut products and seeds",salmonella,peanuts
biological,"nuts, nut products and seeds",salmonella,almonds
allergens,prepared dishes and snacks,soybeans and products thereof,chicken preparations
biological,ices and desserts,salmonella,ice cream
biological,"cocoa and cocoa preparations, coffee and tea",salmonella,chocolate bars
biological,"meat, egg and dairy products",escherichia coli,ground beef
allergens,ices and desserts,pecan nut,ice cream
biological,fruits and vegetables,salmonella,baby spinach
foreign bodies,"meat, egg and dairy products",plastic fragment,sausage products
fraud,"meat, egg and dairy products",undeclared additive,pork preparation
biological,"meat, egg and dairy products",other,ready to eat - cook meals
allergens,"meat, egg and dairy products",cereals containing gluten and products thereof,thermal processed pork meat
foreign bodies,prepared dishes and snacks,foreign bodies,frozen pizza
fraud,"meat, egg and dairy products",inspection issues,pork sausage
allergens,cereals and bakery products,eggs and products thereof,crackers
allergens,"meat, egg and dairy products",soybeans and products thereof,chicken based products
biological,seafood,listeria monocytogenes,salmon
allergens,ices and desserts,milk and products thereof,ice cream
allergens,"cocoa and cocoa preparations, coffee and tea",milk and products thereof,chocolate bars
foreign bodies,"meat, egg and dairy products",plastic fragment,chicken breast
biological,"nuts, nut products and seeds",salmonella,walnuts
allergens,"soups, broths, sauces and condiments",milk and products thereof,spread
biological,"nuts, nut products and seeds",salmonella,walnuts
biological,"nuts, nut products and seeds",salmonella,walnuts
biological,"nuts, nut products and seeds",salmonella,walnuts
allergens,confectionery,peanuts and products thereof,jellies
biological,"nuts, nut products and seeds",salmonella,pistachio nuts
biological,"nuts, nut products and seeds",salmonella,pistachio nuts
allergens,cereals and bakery products,milk and products thereof,bread
biological,"nuts, nut products and seeds",salmonella,pistachio nuts
biological,"nuts, nut products and seeds",salmonella,pistachio nuts
biological,cereals and bakery products,salmonella,cookies
biological,"nuts, nut products and seeds",salmonella,peanuts
biological,prepared dishes and snacks,salmonella,snack mix
biological,seafood,clostridium botulinum,herring
biological,"nuts, nut products and seeds",salmonella,peanuts
biological,ices and desserts,salmonella,ice cream
biological,"meat, egg and dairy products",listeria monocytogenes,gorgonzola cheese
foreign bodies,fruits and vegetables,glass fragment,broccoli
biological,"meat, egg and dairy products",escherichia coli,beef products
foreign bodies,cereals and bakery products,foreign bodies,bread
biological,herbs and spices,salmonella,garlic powder
fraud,"meat, egg and dairy products",inspection issues,ham
allergens,"meat, egg and dairy products",soybeans and products thereof,chicken breast
fraud,alcoholic beverages,other,vodka
allergens,"soups, broths, sauces and condiments",cereals containing gluten and products thereof,soup
biological,"meat, egg and dairy products",listeria monocytogenes,ham
allergens,"meat, egg and dairy products",cereals containing gluten and products thereof,chicken breast
allergens,ices and desserts,nuts,ice cream
allergens,confectionery,cereals containing gluten and products thereof,desserts
allergens,prepared dishes and snacks,cereals containing gluten and products thereof,potato chips
biological,herbs and spices,salmonella,coriander
allergens,fruits and vegetables,sulphur dioxide and sulphites,dried fruits
fraud,"meat, egg and dairy products",inspection issues,thermal processed pork meat
allergens,"meat, egg and dairy products",soybeans and products thereof,thermal processed pork meat
biological,"meat, egg and dairy products",listeria monocytogenes,chicken based products
other hazard,ices and desserts,processing,baby food
allergens,cereals and bakery products,milk and products thereof,fruit pies
fraud,"meat, egg and dairy products",other,thermal processed pork meat
allergens,"meat, egg and dairy products",cereals containing gluten and products thereof,chicken based products
biological,"nuts, nut products and seeds",salmonella,chia seeds
biological,"nuts, nut products and seeds",salmonella,chia seeds
foreign bodies,non-alcoholic beverages,foreign bodies,bottled mineral water
other hazard,"meat, egg and dairy products",other,beef products
allergens,"meat, egg and dairy products",milk and products thereof,turkey and turkey preparations
allergens,prepared dishes and snacks,fish and products thereof,buns
allergens,"meat, egg and dairy products",soybeans and products thereof,sausage products
fraud,"meat, egg and dairy products",undeclared additive,pig meat - pork
allergens,"meat, egg and dairy products",cereals containing gluten and products thereof,thermal processed pork meat
allergens,cereals and bakery products,sesame seeds and products thereof,cereal
foreign bodies,"meat, egg and dairy products",foreign bodies,beef products
foreign bodies,seafood,plastic fragment,Fishes not identified
allergens,"nuts, nut products and seeds",peanuts and products thereof,almonds
biological,"meat, egg and dairy products",escherichia coli,ground beef
biological,"meat, egg and dairy products",listeria monocytogenes,chicken based products
allergens,other food product / mixed,soybeans and products thereof,pasta
foreign bodies,"meat, egg and dairy products",plastic fragment,minced beef
allergens,"soups, broths, sauces and condiments",sulphur dioxide and sulphites,soup
biological,"meat, egg and dairy products",listeria monocytogenes,chicken based products
organoleptic aspects,"meat, egg and dairy products",spoilage,milk
fraud,"meat, egg and dairy products",inspection issues,lamb
allergens,"meat, egg and dairy products",walnut,chicken based products
foreign bodies,"soups, broths, sauces and condiments",plastic fragment,sauce
allergens,"meat, egg and dairy products",soybeans and products thereof,pork sausage
allergens,fruits and vegetables,sulphur dioxide and sulphites,golden raisins/sultanas
organoleptic aspects,"meat, egg and dairy products",spoilage,yoghurt
allergens,cereals and bakery products,cereals containing gluten and products thereof,other not classified meat products
allergens,"meat, egg and dairy products",cereals containing gluten and products thereof,chicken based products
biological,"meat, egg and dairy products",escherichia coli,ground beef
allergens,"meat, egg and dairy products",fish and products thereof,thermal processed pork meat
packaging defect,alcoholic beverages,damaged packaging,wine
foreign bodies,"meat, egg and dairy products",metal fragment,pork sausage
biological,ices and desserts,listeria monocytogenes,ice cream
biological,ices and desserts,listeria monocytogenes,ice cream
fraud,"meat, egg and dairy products",inspection issues,lamb
allergens,"nuts, nut products and seeds",sulphur dioxide and sulphites,golden raisins/sultanas
fraud,"meat, egg and dairy products",inspection issues,pig meat - pork
foreign bodies,fruits and vegetables,glass fragment,olives
fraud,"meat, egg and dairy products",inspection issues,pig meat - pork
fraud,"meat, egg and dairy products",inspection issues,chicken breast
biological,"nuts, nut products and seeds",salmonella,melon seeds
allergens,"soups, broths, sauces and condiments",peanuts and products thereof,chilli sauce
allergens,fruits and vegetables,sulphur dioxide and sulphites,golden raisins/sultanas
allergens,seafood,milk and products thereof,cod
fraud,"meat, egg and dairy products",inspection issues,Not classified pork meat
allergens,"meat, egg and dairy products",milk and products thereof,pig meat - pork
foreign bodies,alcoholic beverages,other not classified,wine
foreign bodies,alcoholic beverages,plastic fragment,wine
other hazard,herbs and spices,poor or insufficient controls,ready to eat - cook meals
other hazard,"dietetic foods, food supplements, fortified foods",other not classified,dietary supplement
allergens,"cocoa and cocoa preparations, coffee and tea",nuts,chocolate eggs
allergens,seafood,almond,salmon
foreign bodies,"dietetic foods, food supplements, fortified foods",glass fragment,baby food
other hazard,"soups, broths, sauces and condiments",incorrect use by dates,pig meat - pork
allergens,"dietetic foods, food supplements, fortified foods",cereals containing gluten and products thereof,protein powder
packaging defect,alcoholic beverages,bulging packaging,wine
allergens,herbs and spices,sulphur dioxide and sulphites,seasoning
allergens,"meat, egg and dairy products",soybeans and products thereof,pig meat - pork
allergens,"meat, egg and dairy products",eggs and products thereof,chicken preparations
allergens,"meat, egg and dairy products",soybeans and products thereof,sausage products
chemical,herbs and spices,other,spice mix
allergens,prepared dishes and snacks,cereals containing gluten and products thereof,crisps
allergens,"meat, egg and dairy products",soybeans and products thereof,thermal processed pork meat
allergens,fruits and vegetables,milk and products thereof,coconuts
packaging defect,alcoholic beverages,bulging packaging,wine
foreign bodies,herbs and spices,stones,black pepper
biological,fruits and vegetables,staphylococcus,mashed chickpeas (hummus)
allergens,prepared dishes and snacks,eggs and products thereof,turkey and turkey preparations
allergens,herbs and spices,sulphur dioxide and sulphites,curry
biological,"meat, egg and dairy products",escherichia coli,ground beef
fraud,"meat, egg and dairy products",inspection issues,sandwiches
fraud,"meat, egg and dairy products",incorrect labeling,turkey and turkey preparations
allergens,cereals and bakery products,cereals containing gluten and products thereof,bakery products
allergens,fruits and vegetables,milk and products thereof,coconuts
biological,"meat, egg and dairy products",listeria monocytogenes,beef products
allergens,"soups, broths, sauces and condiments",eggs and products thereof,dressing
allergens,"nuts, nut products and seeds",sulphur dioxide and sulphites,sunflower seed
biological,"meat, egg and dairy products",escherichia coli,ground beef
allergens,prepared dishes and snacks,cereals containing gluten and products thereof,thermal processed beef meat
foreign bodies,other food product / mixed,plastic fragment,tofu
chemical,fats and oils,unauthorised colour sudan 4,palm oil
fraud,"meat, egg and dairy products",inspection issues,crabs
fraud,"meat, egg and dairy products",inspection issues,turkey and turkey preparations
fraud,non-alcoholic beverages,insufficient labelling/documentation,tea
allergens,herbs and spices,mustard and products thereof,cumin powder
allergens,confectionery,milk and products thereof,dark chocolates
biological,"meat, egg and dairy products",listeria monocytogenes,other dairy products
fraud,"meat, egg and dairy products",inspection issues,ham
foreign bodies,"meat, egg and dairy products",bone fragment,chicken based products
allergens,non-alcoholic beverages,milk and products thereof,coconut milk
biological,fruits and vegetables,salmonella,baby spinach
biological,fruits and vegetables,cyclospora,frozen peas
fraud,"meat, egg and dairy products",other,pig meat - pork
biological,"meat, egg and dairy products",listeria monocytogenes,sausage
fraud,"meat, egg and dairy products",inspection issues,dumplings
allergens,"meat, egg and dairy products",eggs and products thereof,chicken based products
fraud,cereals and bakery products,misbranding,cookies
allergens,"meat, egg and dairy products",soybeans and products thereof,beef products
other hazard,"meat, egg and dairy products",processing,yoghurt
allergens,"meat, egg and dairy products",milk and products thereof,thermal processed beef meat
allergens,cereals and bakery products,peanuts and products thereof,cereal bars
foreign bodies,"nuts, nut products and seeds",insects,frozen peas
packaging defect,non-alcoholic beverages,packaging defect,apple juice
allergens,herbs and spices,mustard and products thereof,chicken
foreign bodies,"meat, egg and dairy products",foreign bodies,thermal processed pork meat
foreign bodies,cereals and bakery products,insects,corn
biological,fruits and vegetables,salmonella,frozen broccoli
allergens,cereals and bakery products,walnut,pretzel stick
allergens,cereals and bakery products,milk and products thereof,flour
biological,fruits and vegetables,listeria monocytogenes,salads
biological,"meat, egg and dairy products",coliforms,milk
biological,ices and desserts,salmonella,fruit pies
biological,"meat, egg and dairy products",listeria monocytogenes,camembert
allergens,seafood,soybeans and products thereof,cod fillets
foreign bodies,cereals and bakery products,metal fragment,corn
allergens,cereals and bakery products,sesame seeds and products thereof,bagels
biological,"meat, egg and dairy products",listeria monocytogenes,chicken based products
foreign bodies,cereals and bakery products,rubber fragments,breakfast cereals
allergens,fruits and vegetables,sulphur dioxide and sulphites,horseradish in jars
biological,"cocoa and cocoa preparations, coffee and tea",salmonella,tea
allergens,"cocoa and cocoa preparations, coffee and tea",milk and products thereof,dark chocolates
biological,"nuts, nut products and seeds",salmonella,macadamia nuts
allergens,cereals and bakery products,milk and products thereof,cakes
allergens,cereals and bakery products,milk and products thereof,cakes
biological,"nuts, nut products and seeds",salmonella,pistachio nuts
allergens,"meat, egg and dairy products",sulphur dioxide and sulphites,turkey and turkey preparations
allergens,fruits and vegetables,sulphur dioxide and sulphites,potatoes
allergens,fruits and vegetables,eggs and products thereof,salads
allergens,"meat, egg and dairy products",soybeans and products thereof,thermal processed pork meat
allergens,fruits and vegetables,sulphur dioxide and sulphites,golden raisins/sultanas
biological,"soups, broths, sauces and condiments",clostridium botulinum,soup
fraud,"meat, egg and dairy products",incorrect use by dates,chicken
allergens,cereals and bakery products,peanuts and products thereof,cookies
allergens,"soups, broths, sauces and condiments",soybeans and products thereof,sauce
allergens,"dietetic foods, food supplements, fortified foods",milk and products thereof,desserts
biological,"nuts, nut products and seeds",listeria monocytogenes,sunflower seed
biological,cereals and bakery products,listeria monocytogenes,protein bar
biological,"meat, egg and dairy products",listeria monocytogenes,ready to eat - cook meals
allergens,prepared dishes and snacks,milk and products thereof,noodles
biological,"meat, egg and dairy products",listeria monocytogenes,chicken
biological,fruits and vegetables,listeria monocytogenes,frozen peas
biological,fruits and vegetables,listeria monocytogenes,broccoli
biological,fruits and vegetables,listeria monocytogenes,broccoli
allergens,cereals and bakery products,almond,cakes
biological,prepared dishes and snacks,listeria monocytogenes,chicken based products
biological,prepared dishes and snacks,listeria monocytogenes,snack mix
biological,fruits and vegetables,listeria monocytogenes,corn
foreign bodies,"meat, egg and dairy products",metal fragment,chicken breast
biological,cereals and bakery products,listeria monocytogenes,bars
biological,"nuts, nut products and seeds",listeria monocytogenes,sunflower seed
biological,prepared dishes and snacks,listeria monocytogenes,snack mix
allergens,"dietetic foods, food supplements, fortified foods",milk and products thereof,dietary supplement
allergens,prepared dishes and snacks,milk and products thereof,burrito (ready to eat)
allergens,"meat, egg and dairy products",eggs and products thereof,other not classified meat products
biological,"nuts, nut products and seeds",listeria monocytogenes,snack mix
biological,"nuts, nut products and seeds",listeria monocytogenes,sunflower seed
biological,"nuts, nut products and seeds",listeria monocytogenes,dietary supplement
biological,cereals and bakery products,listeria monocytogenes,bars
fraud,"meat, egg and dairy products",inspection issues,pork sausage
biological,"meat, egg and dairy products",escherichia coli,beef products
biological,prepared dishes and snacks,listeria monocytogenes,wraps
biological,fruits and vegetables,listeria monocytogenes,frozen peas
biological,"nuts, nut products and seeds",listeria monocytogenes,snacks (various)
biological,"nuts, nut products and seeds",listeria monocytogenes,snack mix
allergens,"cocoa and cocoa preparations, coffee and tea",milk and products thereof,chocolate products
fraud,"meat, egg and dairy products",incorrect use by dates,pork sausage
allergens,cereals and bakery products,eggs and products thereof,rice
biological,prepared dishes and snacks,listeria monocytogenes,potato salad
biological,"meat, egg and dairy products",escherichia coli,ready to eat - cook meals
allergens,"meat, egg and dairy products",crustaceans and products thereof,chicken
allergens,cereals and bakery products,milk and products thereof,pretzel stick
chemical,seafood,other,Catfishes (freshwater)
allergens,seafood,eggs and products thereof,shrimps
biological,cereals and bakery products,salmonella,bakery products
foreign bodies,"meat, egg and dairy products",rubber fragments,yoghurt
foreign bodies,cereals and bakery products,plastic fragment,sausage
allergens,ices and desserts,peanuts and products thereof,ice cream
chemical,herbs and spices,heavy metals,curry
allergens,cereals and bakery products,eggs and products thereof,croissants
allergens,"meat, egg and dairy products",milk and products thereof,thermal processed pork meat
foreign bodies,ices and desserts,metal fragment,ice cream
allergens,"nuts, nut products and seeds",peanuts and products thereof,almond products
foreign bodies,confectionery,pieces of wood,candies
allergens,prepared dishes and snacks,cereals containing gluten and products thereof,Veggie Burger
allergens,cereals and bakery products,peanuts and products thereof,desserts
biological,ices and desserts,listeria monocytogenes,ice cream
foreign bodies,"meat, egg and dairy products",plastic fragment,chicken based products
packaging defect,alcoholic beverages,bulging packaging,cider
allergens,cereals and bakery products,peanuts and products thereof,salads
allergens,cereals and bakery products,walnut,brownies
foreign bodies,"meat, egg and dairy products",foreign bodies,chicken breast
allergens,"cocoa and cocoa preparations, coffee and tea",peanuts and products thereof,dark chocolates
biological,"meat, egg and dairy products",escherichia coli,feta cheese
biological,seafood,listeria monocytogenes,salmon
fraud,"meat, egg and dairy products",inspection issues,dried beef meat
allergens,prepared dishes and snacks,eggs and products thereof,Veggie Burger
allergens,"meat, egg and dairy products",fish and products thereof,other not classified meat products
other hazard,"meat, egg and dairy products",processing,chicken breast
biological,"soups, broths, sauces and condiments",listeria monocytogenes,mashed chickpeas (hummus)
allergens,"meat, egg and dairy products",soybeans and products thereof,chicken breast
biological,"soups, broths, sauces and condiments",listeria monocytogenes,soup
biological,fruits and vegetables,listeria monocytogenes,mashed chickpeas (hummus)
biological,seafood,listeria monocytogenes,herring
biological,"meat, egg and dairy products",listeria monocytogenes,cheese
other hazard,"meat, egg and dairy products",processing,chicken breast
foreign bodies,"dietetic foods, food supplements, fortified foods",plastic fragment,cereal bars
allergens,prepared dishes and snacks,milk and products thereof,ready to eat - cook meals
biological,prepared dishes and snacks,salmonella,potato chips
allergens,cereals and bakery products,milk and products thereof,cookies
biological,"nuts, nut products and seeds",salmonella,pistachio nuts
biological,seafood,clostridium botulinum,Fishes not identified
foreign bodies,fruits and vegetables,plastic fragment,potatoes
allergens,"soups, broths, sauces and condiments",eggs and products thereof,dressing
foreign bodies,"meat, egg and dairy products",plastic fragment,flour
biological,prepared dishes and snacks,salmonella,potato chips
fraud,"meat, egg and dairy products",processing,pork sausage
biological,cereals and bakery products,salmonella,snacks (various)
fraud,"soups, broths, sauces and condiments",incorrect use by dates,mayonnaise
allergens,cereals and bakery products,soybeans and products thereof,corn
foreign bodies,prepared dishes and snacks,plastic fragment,ready to eat - cook meals
allergens,fruits and vegetables,eggs and products thereof,broccoli
allergens,alcoholic beverages,sulphur dioxide and sulphites,cider
other hazard,"meat, egg and dairy products",processing,turkey and turkey preparations
foreign bodies,cereals and bakery products,plastic fragment,bread
allergens,"nuts, nut products and seeds",milk and products thereof,peanuts
foreign bodies,"cocoa and cocoa preparations, coffee and tea",plastic fragment,milk chocolates
food additives and flavourings,ices and desserts,e 425 - konjac unauthorised,jellies
allergens,"soups, broths, sauces and condiments",mustard and products thereof,soup
allergens,"soups, broths, sauces and condiments",milk and products thereof,dressing
biological,"meat, egg and dairy products",listeria monocytogenes,cheese
allergens,confectionery,milk and products thereof,raspberries
allergens,cereals and bakery products,cereals containing gluten and products thereof,biscuits
allergens,"cocoa and cocoa preparations, coffee and tea",eggs and products thereof,chocolate bars
biological,fruits and vegetables,listeria monocytogenes,Not classified pork meat
biological,"meat, egg and dairy products",escherichia coli,thermal processed beef meat
allergens,cereals and bakery products,milk and products thereof,cakes
biological,fruits and vegetables,salmonella,broccoli
organoleptic aspects,"soups, broths, sauces and condiments",bad smell / off odor,soup
foreign bodies,"meat, egg and dairy products",metal fragment,chicken based products
fraud,"meat, egg and dairy products",incorrect use by dates,other not classified meat products
allergens,cereals and bakery products,walnut,muffins
foreign bodies,"cocoa and cocoa preparations, coffee and tea",metal fragment,chocolate bars
allergens,"cocoa and cocoa preparations, coffee and tea",milk and products thereof,chocolate eggs
biological,ices and desserts,listeria monocytogenes,ice cream
biological,non-alcoholic beverages,moulds,apple juice
fraud,seafood,incorrect use by dates,prawns
foreign bodies,"meat, egg and dairy products",plastic fragment,chicken based products
allergens,prepared dishes and snacks,milk and products thereof,pizza
allergens,herbs and spices,almond,grated coconut
foreign bodies,"meat, egg and dairy products",metal fragment,thermal processed pork meat
biological,cereals and bakery products,escherichia coli,flour
allergens,prepared dishes and snacks,milk and products thereof,sausage
biological,cereals and bakery products,escherichia coli,flour
allergens,cereals and bakery products,eggs and products thereof,cakes
biological,fruits and vegetables,enteroviruses,blueberries
biological,"meat, egg and dairy products",escherichia coli,ground beef
allergens,"meat, egg and dairy products",milk and products thereof,sausage
allergens,"meat, egg and dairy products",milk and products thereof,chicken based products
allergens,seafood,milk and products thereof,Fishes not identified
allergens,seafood,milk and products thereof,Fishes not identified
allergens,cereals and bakery products,almond,cookies
biological,"meat, egg and dairy products",listeria monocytogenes,ham
allergens,"dietetic foods, food supplements, fortified foods",cereals containing gluten and products thereof,protein bar
allergens,cereals and bakery products,milk and products thereof,cakes
other hazard,"meat, egg and dairy products",processing,other types of meat
organoleptic aspects,"meat, egg and dairy products",spoilage,sausage
chemical,"meat, egg and dairy products","antibiotics, vet drugs",tahini
allergens,"meat, egg and dairy products",soybeans and products thereof,cooked chicken
biological,fruits and vegetables,escherichia coli,broccoli
foreign bodies,cereals and bakery products,glass fragment,pastry products
biological,"meat, egg and dairy products",listeria monocytogenes,pork sausage
biological,fruits and vegetables,listeria monocytogenes,blueberries
chemical,fruits and vegetables,Aflatoxin,chilli powder
allergens,"cocoa and cocoa preparations, coffee and tea",milk and products thereof,chocolate chips
allergens,fruits and vegetables,milk and products thereof,salads
allergens,cereals and bakery products,cereals containing gluten and products thereof,baby food
biological,"meat, egg and dairy products",escherichia coli,chorizo
allergens,"meat, egg and dairy products",milk and products thereof,pork sausage
allergens,"cocoa and cocoa preparations, coffee and tea",milk and products thereof,milk chocolates
allergens,seafood,milk and products thereof,shrimps
allergens,fruits and vegetables,cereals containing gluten and products thereof,frozen peas
foreign bodies,"meat, egg and dairy products",plastic fragment,thermal processed beef meat
allergens,cereals and bakery products,peanuts and products thereof,biscuits
allergens,fruits and vegetables,soybeans and products thereof,dried fruits
allergens,cereals and bakery products,nuts,cookies
biological,"meat, egg and dairy products",escherichia coli,other not classified meat products
allergens,prepared dishes and snacks,eggs and products thereof,sandwiches
biological,seafood,clostridium botulinum,herring
biological,fruits and vegetables,escherichia coli,salads
allergens,prepared dishes and snacks,brazil nut,snacks (various)
biological,seafood,salmonella,tuna
biological,"meat, egg and dairy products",listeria monocytogenes,thermal processed pork meat
allergens,"nuts, nut products and seeds",milk and products thereof,cashew
allergens,prepared dishes and snacks,sulphur dioxide and sulphites,snacks (various)
other hazard,"meat, egg and dairy products",other,beef
allergens,cereals and bakery products,cereals containing gluten and products thereof,cakes
foreign bodies,"dietetic foods, food supplements, fortified foods",plastic fragment,protein bar
allergens,"meat, egg and dairy products",eggs and products thereof,other not classified meat products
foreign bodies,alcoholic beverages,glass fragment,wine
biological,"meat, egg and dairy products",salmonella,infant formula
allergens,seafood,eggs and products thereof,shrimps
biological,"meat, egg and dairy products",listeria monocytogenes,blue cheese
biological,fruits and vegetables,listeria monocytogenes,apple juice
biological,prepared dishes and snacks,listeria monocytogenes,sandwiches
packaging defect,alcoholic beverages,bulging packaging,wine
biological,cereals and bakery products,listeria monocytogenes,biscuits
allergens,"cocoa and cocoa preparations, coffee and tea",milk and products thereof,instant coffee
biological,herbs and spices,salmonella,sesame seeds
biological,"meat, egg and dairy products",listeria monocytogenes,other dairy products
chemical,"meat, egg and dairy products",other not classified chemical hazards,milk
allergens,ices and desserts,cashew,desserts
foreign bodies,cereals and bakery products,metal fragment,bread
allergens,"soups, broths, sauces and condiments",eggs and products thereof,sauces
allergens,prepared dishes and snacks,pecan nut,chicken based products
allergens,prepared dishes and snacks,eggs and products thereof,dumplings
biological,"meat, egg and dairy products",salmonella,chicken based products
allergens,fruits and vegetables,eggs and products thereof,salads
allergens,"soups, broths, sauces and condiments",cashew,basil pesto sauce
fraud,"cocoa and cocoa preparations, coffee and tea",milk and products thereof,dip-sauce
chemical,herbs and spices,other,rice snack
fraud,prepared dishes and snacks,inspection issues,sausage
allergens,"meat, egg and dairy products",sulphur dioxide and sulphites,pork sausage
biological,"cocoa and cocoa preparations, coffee and tea",salmonella,mitragyna speciosa (kratom)
biological,"meat, egg and dairy products",listeria monocytogenes,thermal processed beef meat
allergens,confectionery,peanuts and products thereof,milk chocolate covered raisins
allergens,seafood,eggs and products thereof,salmon
other hazard,prepared dishes and snacks,salmonella,ready to eat - cook meals
biological,"dietetic foods, food supplements, fortified foods",salmonella,dietary supplement
allergens,confectionery,milk and products thereof,coconuts
biological,"meat, egg and dairy products",listeria monocytogenes,ham
chemical,"dietetic foods, food supplements, fortified foods",high content of vitamins,food supplement
allergens,"dietetic foods, food supplements, fortified foods",milk and products thereof,food supplement
biological,cereals and bakery products,salmonella,flour
foreign bodies,"meat, egg and dairy products",plastic fragment,thermal processed beef meat
biological,"meat, egg and dairy products",salmonella,eggs
biological,"meat, egg and dairy products",listeria monocytogenes,brie cheese
biological,"meat, egg and dairy products",listeria monocytogenes,thermal processed beef meat
biological,"meat, egg and dairy products",salmonella,eggs
biological,prepared dishes and snacks,listeria monocytogenes,sandwiches
biological,"meat, egg and dairy products",escherichia coli,pig meat - pork
foreign bodies,"meat, egg and dairy products",rubber fragments,yoghurt
allergens,"soups, broths, sauces and condiments",eggs and products thereof,dressing
allergens,"soups, broths, sauces and condiments",eggs and products thereof,dressing
allergens,ices and desserts,pistachio nut,ice cream
allergens,"soups, broths, sauces and condiments",milk and products thereof,soup
packaging defect,"cocoa and cocoa preparations, coffee and tea",bulging packaging,coffee beans
allergens,"soups, broths, sauces and condiments",eggs and products thereof,dressing
biological,"meat, egg and dairy products",escherichia coli,cheese
allergens,prepared dishes and snacks,milk and products thereof,potatoes
allergens,cereals and bakery products,peanuts and products thereof,cookies
biological,fruits and vegetables,listeria monocytogenes,frozen broccoli
biological,"cocoa and cocoa preparations, coffee and tea",salmonella,mitragyna speciosa (kratom)
foreign bodies,"dietetic foods, food supplements, fortified foods",metal fragment,protein bar
biological,cereals and bakery products,salmonella,breakfast cereals
fraud,"meat, egg and dairy products",misbranding,raw beef meat
biological,fruits and vegetables,cyclospora,broccoli
foreign bodies,"soups, broths, sauces and condiments",glass fragment,sauces
foreign bodies,cereals and bakery products,insects,cereal
allergens,prepared dishes and snacks,milk and products thereof,crackers
chemical,cereals and bakery products,high content of copper,cakes
allergens,"soups, broths, sauces and condiments",mustard and products thereof,olive oil
fraud,"meat, egg and dairy products",inspection issues,raw beef meat
fraud,prepared dishes and snacks,incorrect labeling,salads
biological,prepared dishes and snacks,salmonella,pasta salad
biological,prepared dishes and snacks,salmonella,sandwiches
biological,"meat, egg and dairy products",salmonella,chicken based products
allergens,"meat, egg and dairy products",soybeans and products thereof,crackers
biological,prepared dishes and snacks,salmonella,crackers
foreign bodies,sugars and syrups,metal fragment,sugar
biological,fruits and vegetables,listeria monocytogenes,broccoli
foreign bodies,ices and desserts,glass fragment,ice cream
allergens,ices and desserts,peanuts and products thereof,ice cream
biological,"cocoa and cocoa preparations, coffee and tea",salmonella,mitragyna speciosa (kratom)
allergens,"meat, egg and dairy products",fish and products thereof,other not classified meat products
foreign bodies,fruits and vegetables,plastic fragment,fresh mushrooms
biological,"meat, egg and dairy products",escherichia coli,brie cheese
allergens,confectionery,eggs and products thereof,candies
biological,"meat, egg and dairy products",salmonella,eggs
other hazard,non-alcoholic beverages,packaging defect,bottled water
fraud,prepared dishes and snacks,inspection issues,dumplings
biological,"meat, egg and dairy products",listeria monocytogenes,sausage
biological,seafood,salmonella,oysters
foreign bodies,"meat, egg and dairy products",metal fragment,dried beef meat
biological,"soups, broths, sauces and condiments",listeria monocytogenes,basil pesto sauce
allergens,ices and desserts,milk and products thereof,desserts
allergens,cereals and bakery products,milk and products thereof,tortilla chips
biological,"nuts, nut products and seeds",escherichia coli,macadamia nuts
fraud,non-alcoholic beverages,incorrect labeling,sport drink
biological,fruits and vegetables,listeria monocytogenes,baby spinach
foreign bodies,"cocoa and cocoa preparations, coffee and tea",plastic fragment,chocolate products
allergens,"meat, egg and dairy products",mustard and products thereof,ham
allergens,cereals and bakery products,milk and products thereof,wafers
biological,prepared dishes and snacks,salmonella,ready to eat - cook meals
chemical,herbs and spices,heavy metals,curry
biological,"nuts, nut products and seeds",salmonella,pistachio nuts
foreign bodies,"meat, egg and dairy products",metal fragment,thermal processed pork meat
allergens,"dietetic foods, food supplements, fortified foods",milk and products thereof,dietary supplement
allergens,"meat, egg and dairy products",eggs and products thereof,chicken based products
biological,"meat, egg and dairy products",salmonella,cheese
organoleptic aspects,"meat, egg and dairy products",taste disturbance,other not classified meat products
biological,"meat, egg and dairy products",listeria monocytogenes,chicken based products
biological,"soups, broths, sauces and condiments",salmonella,basil pesto sauce
allergens,"cocoa and cocoa preparations, coffee and tea",milk and products thereof,dark chocolates
allergens,"dietetic foods, food supplements, fortified foods",milk and products thereof,protein powder
foreign bodies,confectionery,plastic fragment,other not classified meat products
other hazard,cereals and bakery products,processing,corn
allergens,"nuts, nut products and seeds",peanuts and products thereof,almonds
food additives and flavourings,confectionery,e 425 - konjac unauthorised,jellies
biological,"meat, egg and dairy products",salmonella,turkey and turkey preparations
biological,"meat, egg and dairy products",yeasts,cheddar cheese
biological,"nuts, nut products and seeds",listeria monocytogenes,tahini
foreign bodies,cereals and bakery products,glass fragment,bread
packaging defect,alcoholic beverages,packaging defect,beer
foreign bodies,"meat, egg and dairy products",foreign bodies,milk
fraud,seafood,inspection issues,Catfishes (freshwater)
biological,"meat, egg and dairy products",salmonella,chicken based products
biological,cereals and bakery products,salmonella,pizza
allergens,cereals and bakery products,walnut,cookies
fraud,seafood,inspection issues,Catfishes (freshwater)
biological,"meat, egg and dairy products",escherichia coli,feta cheese
allergens,cereals and bakery products,milk and products thereof,bakery products
allergens,"dietetic foods, food supplements, fortified foods",peanuts and products thereof,protein bar
other hazard,"meat, egg and dairy products",processing,pork sausage
allergens,"dietetic foods, food supplements, fortified foods",peanuts and products thereof,brewer's yeast
allergens,"cocoa and cocoa preparations, coffee and tea",milk and products thereof,dark chocolates
foreign bodies,"nuts, nut products and seeds",glass fragment,dumplings
allergens,"soups, broths, sauces and condiments",cashew,sauce
chemical,fats and oils,pahs,coconut oil
allergens,cereals and bakery products,cereals containing gluten and products thereof,breakfast cereals
chemical,non-alcoholic beverages,other,bottled water
foreign bodies,fruits and vegetables,metal fragment,cauliflower
foreign bodies,"meat, egg and dairy products",plastic fragment,ham
allergens,"cocoa and cocoa preparations, coffee and tea",milk and products thereof,dark chocolates
fraud,seafood,inspection issues,Catfishes (freshwater)
allergens,"cocoa and cocoa preparations, coffee and tea",milk and products thereof,chocolate
allergens,"dietetic foods, food supplements, fortified foods",peanuts and products thereof,protein powder
allergens,confectionery,milk and products thereof,marshmalows
foreign bodies,"meat, egg and dairy products",metal fragment,chicken based products
biological,cereals and bakery products,salmonella,wafers
biological,"meat, egg and dairy products",salmonella,eggs
allergens,"nuts, nut products and seeds",milk and products thereof,snack mix
allergens,prepared dishes and snacks,milk and products thereof,potato chips
other hazard,"meat, egg and dairy products",other,thermal processed pork meat
biological,"meat, egg and dairy products",salmonella,sausage
biological,"meat, egg and dairy products",escherichia coli,raw beef meat
biological,"meat, egg and dairy products",salmonella,eggs
allergens,"cocoa and cocoa preparations, coffee and tea",milk and products thereof,chocolate bars
foreign bodies,cereals and bakery products,plastic fragment,muffins
foreign bodies,cereals and bakery products,plastic fragment,bars
biological,"cocoa and cocoa preparations, coffee and tea",salmonella,tea
allergens,"dietetic foods, food supplements, fortified foods",cereals containing gluten and products thereof,food supplement
fraud,"meat, egg and dairy products",incorrect labeling,sausage
foreign bodies,"meat, egg and dairy products",bone fragment,turkey and turkey preparations
foreign bodies,fruits and vegetables,metal fragment,Veggie Burger
biological,fruits and vegetables,listeria monocytogenes,pea shoots
foreign bodies,"nuts, nut products and seeds",metal fragment,chia seeds
allergens,"meat, egg and dairy products",milk and products thereof,turkey and turkey preparations
biological,"meat, egg and dairy products",salmonella,eggs
biological,fruits and vegetables,salmonella,coconuts
foreign bodies,prepared dishes and snacks,rubber fragments,pastry products
biological,"meat, egg and dairy products",escherichia coli,cheese
foreign bodies,cereals and bakery products,plastic fragment,bread
allergens,cereals and bakery products,cereals containing gluten and products thereof,biscuits
allergens,"cocoa and cocoa preparations, coffee and tea",milk and products thereof,milk chocolates
allergens,prepared dishes and snacks,milk and products thereof,potato chips
allergens,"dietetic foods, food supplements, fortified foods",peanuts and products thereof,protein drink
allergens,ices and desserts,peanuts and products thereof,ice cream
allergens,"cocoa and cocoa preparations, coffee and tea",almond,chocolate
allergens,herbs and spices,eggs and products thereof,seasoning
allergens,herbs and spices,milk and products thereof,rice snack
allergens,"meat, egg and dairy products",eggs and products thereof,ready to eat - cook meals
allergens,cereals and bakery products,milk and products thereof,rice snack
chemical,seafood,other not classified chemical hazards,fish products
biological,"meat, egg and dairy products",salmonella,eggs
fraud,prepared dishes and snacks,incorrect use by dates,dumplings
allergens,ices and desserts,cashew,ice cream
allergens,"cocoa and cocoa preparations, coffee and tea",sesame seeds and products thereof,chocolate
biological,fruits and vegetables,listeria monocytogenes,fresh vegetables
biological,seafood,vibrio spp,oysters
allergens,fruits and vegetables,sulphur dioxide and sulphites,golden raisins/sultanas
biological,seafood,paralytic shellfish poisoning (psp) toxins,clams
biological,"meat, egg and dairy products",escherichia coli,raw goat milk cheese
foreign bodies,cereals and bakery products,plastic fragment,buns
allergens,seafood,milk and products thereof,Fishes not identified
biological,fruits and vegetables,salmonella,fennel seeds
allergens,"meat, egg and dairy products",milk and products thereof,precooked cooked beef meat products
allergens,seafood,eggs and products thereof,Fishes not identified
allergens,"meat, egg and dairy products",milk and products thereof,other not classified meat products
allergens,"cocoa and cocoa preparations, coffee and tea",milk and products thereof,dark chocolates
biological,seafood,listeria monocytogenes,Fishes not identified
chemical,non-alcoholic beverages,heavy metals,bottled water
other hazard,"meat, egg and dairy products",processing,chicken based products
foreign bodies,cereals and bakery products,plastic fragment,bakery products
allergens,"soups, broths, sauces and condiments",milk and products thereof,ready to eat - cook meals
biological,confectionery,moulds,brownies
biological,"cocoa and cocoa preparations, coffee and tea",salmonella,tea
biological,"meat, egg and dairy products",listeria monocytogenes,pt
biological,"meat, egg and dairy products",listeria monocytogenes,ready to eat - cook meals
biological,"meat, egg and dairy products",escherichia coli,veal
biological,"meat, egg and dairy products",listeria monocytogenes,sausage
biological,"meat, egg and dairy products",escherichia coli,raw beef meat
biological,prepared dishes and snacks,listeria monocytogenes,sandwiches
foreign bodies,ices and desserts,plastic fragment,ice cream
biological,"meat, egg and dairy products",clostridium botulinum,olive oil
biological,"meat, egg and dairy products",escherichia coli,raw beef meat
biological,"meat, egg and dairy products",escherichia coli,raw beef meat
fraud,"meat, egg and dairy products",insufficient labelling/documentation,thermal processed pork meat
foreign bodies,"meat, egg and dairy products",plastic fragment,chicken based products
biological,"meat, egg and dairy products",escherichia coli,raw beef meat
allergens,"meat, egg and dairy products",milk and products thereof,other not classified meat products
biological,prepared dishes and snacks,salmonella,ready to eat - cook meals
allergens,"soups, broths, sauces and condiments",peanuts and products thereof,basil pesto sauce
biological,"meat, egg and dairy products",cronobacter spp,infant formula
foreign bodies,"meat, egg and dairy products",metal fragment,thermal processed beef meat
biological,"meat, egg and dairy products",escherichia coli,raw beef meat
biological,prepared dishes and snacks,salmonella,prepared dish
organoleptic aspects,confectionery,taste disturbance,spread
fraud,"meat, egg and dairy products",incorrect labeling,precooked cooked beef meat products
biological,fruits and vegetables,listeria monocytogenes,tofu
foreign bodies,"meat, egg and dairy products",metal fragment,cooked chicken
biological,"meat, egg and dairy products",escherichia coli,raw beef meat
biological,"meat, egg and dairy products",listeria monocytogenes,thermal processed pork meat
fraud,seafood,inspection issues,Catfishes (freshwater)
allergens,"soups, broths, sauces and condiments",fish and products thereof,soup
allergens,"meat, egg and dairy products",cereals containing gluten and products thereof,chicken breast
allergens,cereals and bakery products,cereals containing gluten and products thereof,cakes
biological,"meat, egg and dairy products",salmonella,ground beef
biological,"meat, egg and dairy products",listeria monocytogenes,sausage
biological,prepared dishes and snacks,escherichia coli,pistachio nuts
allergens,cereals and bakery products,pecan nut,granola
biological,"meat, egg and dairy products",listeria monocytogenes,eggs
allergens,"cocoa and cocoa preparations, coffee and tea",milk and products thereof,chocolate
biological,prepared dishes and snacks,listeria monocytogenes,sandwiches
biological,"meat, egg and dairy products",listeria monocytogenes,eggs
biological,"meat, egg and dairy products",listeria monocytogenes,eggs
biological,prepared dishes and snacks,listeria monocytogenes,potato salad
allergens,ices and desserts,peanuts and products thereof,cakes
allergens,confectionery,almond,raspberries
foreign bodies,fats and oils,plastic fragment,margarine
chemical,"meat, egg and dairy products",other,veal
packaging defect,"soups, broths, sauces and condiments",packaging defect,chilli sauce
allergens,cereals and bakery products,peanuts and products thereof,wafers
biological,"meat, egg and dairy products",microbiological contamination,sausage
chemical,"meat, egg and dairy products",other not classified chemical hazards,milk
allergens,prepared dishes and snacks,soybeans and products thereof,sandwiches
allergens,"soups, broths, sauces and condiments",mustard and products thereof,soup
fraud,prepared dishes and snacks,incorrect labeling,potatoes
allergens,"meat, egg and dairy products",milk and products thereof,precooked cooked beef meat products
allergens,"soups, broths, sauces and condiments",peanuts and products thereof,basil pesto sauce
biological,non-alcoholic beverages,listeria monocytogenes,fruit juice
foreign bodies,fruits and vegetables,stones,lentils
allergens,seafood,eggs and products thereof,Fishes not identified
biological,"soups, broths, sauces and condiments",other not classified biological hazards,sardines
allergens,"soups, broths, sauces and condiments",peanuts and products thereof,basil pesto sauce
allergens,"cocoa and cocoa preparations, coffee and tea",hazelnut,dark chocolates
biological,fruits and vegetables,salmonella,bean sprouts
allergens,prepared dishes and snacks,milk and products thereof,noodles
chemical,seafood,toxin,tuna
allergens,fruits and vegetables,peanuts and products thereof,salads
allergens,seafood,cereals containing gluten and products thereof,ready to eat - cook meals
allergens,confectionery,milk and products thereof,ice cream
allergens,prepared dishes and snacks,milk and products thereof,spring rolls
allergens,cereals and bakery products,soybeans and products thereof,croissants
allergens,cereals and bakery products,peanuts and products thereof,bread
allergens,"soups, broths, sauces and condiments",peanuts and products thereof,sauces
foreign bodies,"meat, egg and dairy products",stones,ready to eat - cook meals
allergens,"nuts, nut products and seeds",peanuts and products thereof,nuts
biological,"meat, egg and dairy products",escherichia coli,salami
biological,fruits and vegetables,listeria monocytogenes,fresh mushrooms
biological,"meat, egg and dairy products",salmonella,chicken based products
packaging defect,"nuts, nut products and seeds",packaging defect,canned corn
allergens,cereals and bakery products,milk and products thereof,oats
foreign bodies,ices and desserts,metal fragment,ice cream
biological,prepared dishes and snacks,escherichia coli,ravioli
allergens,"soups, broths, sauces and condiments",sesame seeds and products thereof,dip-sauce
fraud,"meat, egg and dairy products",other,other not classified meat products
allergens,"soups, broths, sauces and condiments",milk and products thereof,gravy mix
allergens,prepared dishes and snacks,milk and products thereof,other not classified meat products
allergens,"soups, broths, sauces and condiments",fish and products thereof,dip-sauce
biological,"meat, egg and dairy products",escherichia coli,ground beef
biological,fruits and vegetables,escherichia coli,raspberries
allergens,ices and desserts,milk and products thereof,ice cream
biological,seafood,listeria monocytogenes,salmon
allergens,"soups, broths, sauces and condiments",mustard and products thereof,sauce
biological,"meat, egg and dairy products",listeria monocytogenes,cheddar cheese
allergens,cereals and bakery products,almond,snack mix
allergens,cereals and bakery products,eggs and products thereof,pastry products
fraud,"meat, egg and dairy products",inspection issues,other not classified meat products
biological,fruits and vegetables,salmonella,onions
foreign bodies,fruits and vegetables,other,kale
biological,"meat, egg and dairy products",listeria monocytogenes,sausage
biological,fruits and vegetables,listeria monocytogenes,potatoes
allergens,fruits and vegetables,sulphur dioxide,golden raisins/sultanas
other hazard,confectionery,other not classified,jellies
allergens,"soups, broths, sauces and condiments",milk and products thereof,soup
allergens,cereals and bakery products,milk and products thereof,other dairy products
allergens,cereals and bakery products,soybeans and products thereof,cakes
allergens,"meat, egg and dairy products",soybeans and products thereof,sausage products
allergens,confectionery,peanuts and products thereof,chocolate
allergens,"dietetic foods, food supplements, fortified foods",soybeans and products thereof,food supplement
allergens,prepared dishes and snacks,molluscs and products thereof,dumplings
biological,"meat, egg and dairy products",listeria monocytogenes,chicken based products
allergens,"meat, egg and dairy products",cereals containing gluten and products thereof,ham
foreign bodies,cereals and bakery products,glass fragment,corn
foreign bodies,cereals and bakery products,glass fragment,corn
biological,seafood,listeria monocytogenes,salmon
allergens,"meat, egg and dairy products",cereals containing gluten and products thereof,chicken based products
organoleptic aspects,"soups, broths, sauces and condiments",spoilage,soup
foreign bodies,"meat, egg and dairy products",plastic fragment,ground beef
allergens,"meat, egg and dairy products",mustard and products thereof,thermal processed pork meat
fraud,food additives and flavourings,undeclared additive,sweeteners
biological,fruits and vegetables,salmonella,fruit salad with cantaloupe
allergens,prepared dishes and snacks,eggs and products thereof,noodles
other hazard,confectionery,other not classified,jellies
foreign bodies,cereals and bakery products,metal fragment,cakes
biological,seafood,salmonella,mussels
biological,alcoholic beverages,moulds,beer
chemical,"meat, egg and dairy products",other,chicken based products
biological,"meat, egg and dairy products",listeria monocytogenes,cheese
allergens,cereals and bakery products,cereals containing gluten and products thereof,breakfast cereals
allergens,"soups, broths, sauces and condiments",fish and products thereof,chilli paste
biological,"meat, egg and dairy products",escherichia coli,cheese
other hazard,alcoholic beverages,alcohol content,beer
foreign bodies,cereals and bakery products,plastic fragment,breakfast cereals
chemical,"dietetic foods, food supplements, fortified foods",other,protein drink
biological,prepared dishes and snacks,moulds,other not classified meat products
allergens,fruits and vegetables,sulphur dioxide and sulphites,dried apples
allergens,"meat, egg and dairy products",almond,brie cheese
chemical,cereals and bakery products,unauthorised substance ethylene oxide,rice cakes
chemical,"nuts, nut products and seeds",unauthorised substance ethylene oxide,tahini
biological,fruits and vegetables,listeria monocytogenes,salami
allergens,cereals and bakery products,milk and products thereof,cookies
fraud,fruits and vegetables,sulphur dioxide,dates
chemical,fruits and vegetables,heavy metals,mango
fraud,"meat, egg and dairy products",inspection issues,other not classified meat products
allergens,"nuts, nut products and seeds",peanuts and products thereof,spread
allergens,confectionery,milk and products thereof,desserts
allergens,"soups, broths, sauces and condiments",eggs and products thereof,soup
foreign bodies,"meat, egg and dairy products",rubber fragments,pork sausage
chemical,cereals and bakery products,unauthorised substance ethylene oxide,bread
biological,seafood,salmonella,shrimps
allergens,cereals and bakery products,soybeans and products thereof,cakes
allergens,seafood,eggs and products thereof,Fishes not identified
allergens,cereals and bakery products,eggs and products thereof,pancakes
foreign bodies,fruits and vegetables,glass fragment,basil
chemical,seafood,unauthorised substance ethylene oxide,salmon
allergens,prepared dishes and snacks,fish and products thereof,salads
organoleptic aspects,"meat, egg and dairy products",other,chocolate bars
biological,"meat, egg and dairy products",escherichia coli,ground beef
allergens,"soups, broths, sauces and condiments",pistachio nut,basil pesto sauce
packaging defect,fruits and vegetables,packaging defect,olives
allergens,"dietetic foods, food supplements, fortified foods",cashew,protein powder
allergens,fruits and vegetables,fish and products thereof,cauliflower
fraud,"dietetic foods, food supplements, fortified foods",other misbranding issues,food supplement
allergens,cereals and bakery products,almond,muesli
chemical,"cocoa and cocoa preparations, coffee and tea",unauthorised substance ethylene oxide,tea
allergens,"meat, egg and dairy products",fish and products thereof,other not classified meat products
foreign bodies,confectionery,foreign bodies,biscuits
biological,"meat, egg and dairy products",salmonella,chicken
chemical,seafood,other,Fishes not identified
allergens,confectionery,peanuts and products thereof,milk chocolate covered raisins
allergens,"cocoa and cocoa preparations, coffee and tea",milk and products thereof,chocolate bars
allergens,cereals and bakery products,milk and products thereof,cookies
chemical,fruits and vegetables,high content of cyanide,apricot kernels
fraud,"meat, egg and dairy products",other,beef products
allergens,fruits and vegetables,sulphur dioxide and sulphites,golden raisins/sultanas
biological,fruits and vegetables,salmonella,mashed chickpeas (hummus)
allergens,cereals and bakery products,hazelnut,cookies
biological,seafood,clostridium botulinum,trouts
foreign bodies,"meat, egg and dairy products",plastic fragment,chorizo
allergens,"dietetic foods, food supplements, fortified foods",milk and products thereof,dietary supplement
biological,"meat, egg and dairy products",salmonella,turkey and turkey preparations
biological,fruits and vegetables,enteroviruses,dates
allergens,prepared dishes and snacks,fish and products thereof,frozen pizza
allergens,"nuts, nut products and seeds",almond,peanuts
allergens,"nuts, nut products and seeds",cashew,peanuts
biological,cereals and bakery products,moulds,bread
biological,"meat, egg and dairy products",salmonella,duck
fraud,confectionery,incorrect use by dates,muffins
allergens,prepared dishes and snacks,milk and products thereof,potato chips
allergens,"cocoa and cocoa preparations, coffee and tea",hazelnut,chocolate bars
allergens,"nuts, nut products and seeds",almond,peanuts
allergens,cereals and bakery products,sesame seeds and products thereof,bread
allergens,prepared dishes and snacks,milk and products thereof,other not classified meat products
allergens,prepared dishes and snacks,cereals containing gluten and products thereof,frozen peas
allergens,prepared dishes and snacks,eggs and products thereof,ready to eat - cook meals
allergens,cereals and bakery products,milk and products thereof,corn
allergens,prepared dishes and snacks,milk and products thereof,potato chips
biological,fruits and vegetables,listeria monocytogenes,fresh mushrooms
biological,herbs and spices,salmonella,coriander
allergens,"cocoa and cocoa preparations, coffee and tea",cashew,almond products
biological,pet feed,salmonella,pet feed
allergens,fruits and vegetables,sulphur dioxide and sulphites,fresh mushrooms
biological,seafood,salmonella,shrimps
allergens,prepared dishes and snacks,cereals containing gluten and products thereof,snacks (various)
allergens,ices and desserts,cereals containing gluten and products thereof,ice cream
allergens,herbs and spices,crustaceans and products thereof,curry
allergens,fruits and vegetables,sesame seeds and products thereof,mashed chickpeas (hummus)
chemical,"meat, egg and dairy products",toxin,cheddar cheese
allergens,prepared dishes and snacks,cereals containing gluten and products thereof,ravioli
other hazard,confectionery,other not classified,jellies
biological,"meat, egg and dairy products",listeria monocytogenes,cheese
biological,fruits and vegetables,listeria monocytogenes,courgettes
biological,herbs and spices,listeria monocytogenes,seasoning
biological,pet feed,Aflatoxin,pet feed
allergens,prepared dishes and snacks,milk and products thereof,potato chips
allergens,seafood,milk and products thereof,cod fillets
biological,"meat, egg and dairy products",staphylococcus,other dairy products
chemical,cereals and bakery products,heavy metals,baby food
allergens,cereals and bakery products,peanuts and products thereof,cookies
biological,fruits and vegetables,listeria monocytogenes,broccoli
biological,cereals and bakery products,salmonella,buns
chemical,"dietetic foods, food supplements, fortified foods",unauthorised substance ethylene oxide,food supplement
chemical,"dietetic foods, food supplements, fortified foods",unauthorised substance ethylene oxide,protein powder
allergens,cereals and bakery products,walnut,cakes
fraud,prepared dishes and snacks,sulphur dioxide,dried shrimp noodles
foreign bodies,"soups, broths, sauces and condiments",plastic fragment,salt
biological,fruits and vegetables,listeria monocytogenes,salads
allergens,cereals and bakery products,milk and products thereof,ready to eat - cook meals
biological,"meat, egg and dairy products",listeria monocytogenes,chicken based products
foreign bodies,seafood,metal fragment,ready to eat - cook meals
chemical,other food product / mixed,too high content of tetrahydrocannabinol (THC),cbd products
chemical,non-alcoholic beverages,patulin,apple juice
chemical,non-alcoholic beverages,patulin,apple juice
foreign bodies,prepared dishes and snacks,foreign bodies,ready to eat - cook meals
biological,seafood,listeria monocytogenes,salmon
biological,fruits and vegetables,clostridium botulinum,olives
foreign bodies,ices and desserts,plastic fragment,ice cream
chemical,seafood,unauthorised substance ethylene oxide,dumplings
biological,fruits and vegetables,listeria monocytogenes,bean sprouts
biological,seafood,salmonella,Fishes not identified
chemical,cereals and bakery products,unauthorised substance ethylene oxide,ready to eat - cook meals
biological,fruits and vegetables,salmonella,onions
foreign bodies,fruits and vegetables,metal fragment,blueberries
biological,"dietetic foods, food supplements, fortified foods",pseudomonas spp.,baby food
allergens,cereals and bakery products,sesame seeds and products thereof,bread
allergens,fruits and vegetables,sulphur dioxide and sulphites,dried apricots
chemical,prepared dishes and snacks,unauthorised substance ethylene oxide,instant noodles
allergens,"meat, egg and dairy products",soybeans and products thereof,feta cheese
allergens,"cocoa and cocoa preparations, coffee and tea",milk and products thereof,milk chocolates
allergens,"dietetic foods, food supplements, fortified foods",milk and products thereof,food supplement
fraud,fruits and vegetables,sulphur dioxide,dates
foreign bodies,"meat, egg and dairy products",metal fragment,butter
allergens,"nuts, nut products and seeds",sulphur dioxide and sulphites,walnuts
allergens,prepared dishes and snacks,milk and products thereof,ready to eat - cook meals
biological,seafood,listeria monocytogenes,Fishes not identified
chemical,seafood,toxin,tuna
allergens,"cocoa and cocoa preparations, coffee and tea",eggs and products thereof,dark chocolates
allergens,cereals and bakery products,nuts,corn
foreign bodies,cereals and bakery products,insects,rice
organoleptic aspects,"nuts, nut products and seeds",bad smell / off odor,cashew
allergens,cereals and bakery products,soybeans and products thereof,chocolate chips
fraud,seafood,inspection issues,Catfishes (freshwater)
biological,"meat, egg and dairy products",salmonella,pig meat - pork
fraud,"meat, egg and dairy products",misbranding,precooked cooked beef meat products
biological,fruits and vegetables,listeria monocytogenes,salads
allergens,"cocoa and cocoa preparations, coffee and tea",milk and products thereof,chocolate bars
foreign bodies,"soups, broths, sauces and condiments",plastic fragment,chicken based products
other hazard,fruits and vegetables,poor hygienic state,broccoli
allergens,cereals and bakery products,cereals containing gluten and products thereof,tortilla
allergens,"meat, egg and dairy products",eggs and products thereof,yoghurt
biological,fruits and vegetables,listeria monocytogenes,fresh vegetables
biological,fruits and vegetables,listeria monocytogenes,fresh mushrooms
biological,fruits and vegetables,listeria monocytogenes,fresh mushrooms
allergens,fruits and vegetables,sulphur dioxide and sulphites,plums
biological,"meat, egg and dairy products",listeria monocytogenes,halloumi cheese
biological,seafood,norovirus,oysters
other hazard,confectionery,other not classified,jellies
allergens,non-alcoholic beverages,milk and products thereof,coconut milk
chemical,cereals and bakery products,other,biscuits
biological,seafood,norovirus,oysters
biological,"nuts, nut products and seeds",salmonella,poppy
biological,confectionery,salmonella,candies
allergens,prepared dishes and snacks,peanuts and products thereof,bars
biological,"nuts, nut products and seeds",salmonella,poppy
allergens,cereals and bakery products,milk and products thereof,dumplings
allergens,"soups, broths, sauces and condiments",cereals containing gluten and products thereof,sauces
biological,seafood,virus,shrimps
foreign bodies,"meat, egg and dairy products",foreign bodies,thermal processed pork meat
organoleptic aspects,"meat, egg and dairy products",packaging defect,sausage
allergens,"soups, broths, sauces and condiments",soybeans and products thereof,dip-sauce
biological,"nuts, nut products and seeds",salmonella,peanuts
biological,"dietetic foods, food supplements, fortified foods",salmonella,peanuts
biological,"nuts, nut products and seeds",salmonella,peanuts
allergens,ices and desserts,almond,ice cream
allergens,food additives and flavourings,peanuts and products thereof,food supplement
biological,"nuts, nut products and seeds",salmonella,peanuts
allergens,prepared dishes and snacks,cereals containing gluten and products thereof,salads
biological,seafood,norovirus,prawns
biological,"meat, egg and dairy products",salmonella,infant formula
biological,ices and desserts,norovirus,ice cream
allergens,"dietetic foods, food supplements, fortified foods",milk and products thereof,dietary supplement
allergens,"soups, broths, sauces and condiments",soybeans and products thereof,pasta
fraud,"meat, egg and dairy products",inspection issues,thermal processed pork meat
chemical,honey and royal jelly,other,honey
allergens,herbs and spices,peanuts and products thereof,sauces
allergens,"cocoa and cocoa preparations, coffee and tea",cereals containing gluten and products thereof,sesame seeds
allergens,"cocoa and cocoa preparations, coffee and tea",milk and products thereof,dark chocolates
allergens,"meat, egg and dairy products",other,chicken based products
biological,cereals and bakery products,salmonella,gluten free bread
biological,seafood,listeria monocytogenes,salmon
chemical,confectionery,alkaloids,tortilla chips
allergens,"cocoa and cocoa preparations, coffee and tea",milk and products thereof,chocolate bars
